insert into person values 	
('A0', 'Maria Varandas', 'Praça da Figueira', 'Viana do Castelo', '4300-500'),
('A1', 'Daniel Pestana', 'Rua do Técnico', 'Funchal', '5000-999'),
('B2', 'Afonso Soares', 'Avenida do Relógio', 'Lisboa', '1900-529'),
('C3', 'João Vieira', 'Urbanização do Cabeço', 'Coimbra', '4000-500'),
('DC4', 'Carolina Roque', 'Rua Lucinda', 'Montemor', '7000-980'),
('D5', 'Josefina Miranda', 'Rua dos Cravos', 'Leiria', '8040-324'),
('DD6', 'José Rodrigues', 'Rua da Boa Esperança', 'Guarda', '1900-601'),
('E7', 'Sofia Pestana', 'Avenida das Flores', 'Braga', '1500-687'),
('F8', 'Ramiro Sousa', 'Rua da Floresta', 'Bragança', '2000-356'),
('G9', 'Gonçalo Crespo', 'Rua da Boa Esperança', 'Lisboa', '1900-600'),
('H10', 'John Smith', 'Estrada da Boavista', 'Porto', '4050-987'),
('IH11', 'Amilcar Coelho', 'Estrada da Neve', 'Castelo Branco', '8900-480'),
('JA12', 'Maria Soares', 'Rua da Caneta', 'Beja', '7200-630'),
('K13', 'Leandro Leão', 'Rua dos Cachalotes', 'Ponta Delgada', '5650-688'),
('U14', 'João Agostinho', 'Avenida dos Aventureiros', 'Évora', '4055-900'),
('L15', 'Luís Lagostim', 'Rua dos Mal Amados', 'Aveiro', '1010-330'),
('M16', 'Filomena Ricardo', 'Estrada de Freixos', 'Viseu', '1300-800'),
('N17', 'Gustavo Santos', 'Rua dos Pensadores', 'Santarém', '7070-808'),
('O18', 'Carlos Lopes', 'Bairro dos Vingadores', 'Seixal', '3333-400'),
('P19', 'Inês Palmeirim', 'Travessa dos Avós', 'Portalegre', '8998-001'),
('Q20', 'António Portugal', 'Rua dos Mouros', 'Faro', '2600-570'),
('RT21', 'John Smith', 'Travessa da Laranjeira', 'Santa Cruz', '9125-066');
							
insert into phone_number values	
('A0', '(+351)928999675'),
('A0', '(+351)961234567'),
('A1', '(+351)960800888'),
('B2', '(+351)950500444'),
('C3', '(+351)949000300'),
('DC4', '(+351)936000400'),
('DC4', '(+351)959873689'),
('D5', '(+351)920000000'),
('DD6', '(+351)910200300'),
('E7', '(+351)900800700'),
('F8', '(+351)977222111'),
('G9', '(+351)985555000'),
('G9', '(+351)924680001'),
('H10', '(+351)999300121'),
('IH11', '(+351)991030303'),
('JA12', '(+351)987404000'),
('K13', '(+351)973200100'),
('U14', '(+351)966321000'),
('L15', '(+351)959600400'),
('M16', '(+351)944600432'),
('N17', '(+351)930930930'),
('O18', '(+351)921000999'),
('O18', '(+351)920000022'),
('P19', '(+351)913210900'),
('Q20', '(+351)900654321'),
('RT21', '(+351)97319731');

insert into client values ('A0'), ('A1'), ('B2'), ('C3'), ('DC4'), ('D5'), ('DD6'), ('E7'), ('F8'), ('G9'), ('L15'), ('O18'), ('Q20'), ('RT21');

insert into veterinary values 	
('H10', 'Cardiologia', 'Cuidados para animais com doenças cardiovasculares'),
('IH11', 'Medicina Interna', 'Tratamento e diagnóstico de doenças'),
('JA12', 'Medicina Dentária', 'Tratamento de doenças na cavidade oral'),
('K13', 'Dermatologia', 'Doenças internas manifestadas na pele dos animais'),
('U14', 'Medicina Dentária', 'Tratamento de doenças na cavidade oral'),
('L15', 'Cardiologia', 'Cuidados para animais com doenças cardiovasculares');
								
insert into assistant values ('M16'), ('N17'), ('O18'), ('P19'), ('Q20');

insert into species values	
('Jack Russel Terrier', 'Jack Russell Terrier é uma raça de cães'),	
('Chihuahua', 'Chihuahua é uma raça de cães de pequeno porte'),
('Labrador', 'Raça de cães do tipo retriever'),
('Dálmata', 'Raça canina com uma típica pelagem manchada'),
('Beagle', 'Raça de cães de caça de pequeno a médio porte'),
('Cão', 'Mamífero carnívoro da família dos canídeos'),
('Mamífero', 'Mamíferos constituem uma classe de animais vertebrados'),
('Caturra', 'Ave que pertence à ordem Psittaciformes'),
('Canário', 'Pequeno pássaro canoro da família Fringillidae'),
('Ave', 'Classe de seres vivos vertebrados endotérmicos com penas'),
('Cobra', 'Réptil poiquilotérmicos sem patas pertencente à subordem Serpentes'),
('Réptil', 'Classe de animais vertebrados tetrápodes e ectotérmicos'),
('Peixe-dourado', 'Espécie de peixes pequenos de água doce'),
('Peixe-palhaço', 'Peixe da subfamília Amphiprioninae da família Pomacentridae'),
('Peixe', 'Peixes são animais vertebrados e aquáticos'),
('Gato', 'Mamífero carnívoro da família dos felídeos'),
('Persa', 'Persa é uma raça de gatos domésticos'),
('Invertebrado', 'Animais multicelulares que não desenvolveram coluna vertebral'),
('Insecto', 'Invertebrados com exoesqueleto quitinoso'),
('Abelha', 'Insecto voador'),
('Aranha', 'Ordem de artrópodes da classe Arachnida');
							
insert into generalization_species values	
('Jack Russel Terrier', 'Cão'),
('Chihuahua', 'Cão'),
('Labrador', 'Cão'),
('Dálmata', 'Cão'),
('Beagle', 'Cão'),
('Cão', 'Mamífero'),
('Caturra', 'Ave'),
('Canário', 'Ave'),
('Cobra', 'Réptil'),
('Peixe-dourado', 'Peixe'),
('Peixe-palhaço', 'Peixe'),
('Persa', 'Gato'),
('Gato', 'Mamífero'),
('Insecto', 'Invertebrado'),
('Aranha', 'Invertebrado');
											
insert into animal values 	
('Mimi', 'A0', 'Persa', 'Branco', 'Feminino', 2014, 3),
('Pintas', 'A1', 'Dálmata', 'Branco e Preto', 'Feminino', 2013, 4),
('Bart', 'A1', 'Dálmata', 'Branco e Preto', 'Masculino', 2015, 2),
('Rex', 'B2', 'Labrador', 'Preto', 'Masculino', 2014, 4),
('Flor', 'C3', 'Chihuahua', 'Branco', 'Feminino', 2016, 2),
('Cookie', 'DC4', 'Jack Russel Terrier', 'Castanho e Branco', 'Feminino', 2017, 0),
('Roy', 'D5', 'Cobra', 'Verde e Castanho', 'Masculino', 2017, 1),
('Spider', 'D5', 'Aranha', 'Preto', 'Masculino', 2017, 0),
('Robson', 'E7', 'Canário', 'Amarelo', 'Masculino', 2017, 1),
('Chico', 'E7', 'Caturra', 'Verde e Branco', 'Masculino', 2015, 3),
('Mimi', 'F8', 'Peixe-dourado', 'Laranja', 'Feminino', 2017, 0),
('Bolinha', 'G9', 'Beagle', 'Castanho', 'Feminino', 2016, 2),
('Nemo', 'RT21', 'Peixe-palhaço', 'Laranja, Branco e Preto', 'Masculino', 2017, 1),
('Kamil', 'RT21', 'Peixe-dourado', 'Laranja', 'Masculino', 2017, 1),
('Chica', 'L15', 'Caturra', 'Verde e Branco', 'Feminino', 2016, 1),
('Bolinha', 'O18', 'Persa', 'Branco', 'Feminino', 2016, 2),
('Pantufa', 'Q20', 'Labrador', 'Castanho', 'Masculino', 2015, 3),
('Boob', 'Q20', 'Canário', 'Amarelo', 'Masculino', 2015, 2);																	
							
insert into consult values 	
('Mimi', 'A0', '2017-2-20 12:00:00', 'animal não come a ração há 3 dias', 'falta de apetite', 'sinais de alergia alimentar', 'medicação', 'A0', 'L15', 2),	
('Pintas', 'A1', '2017-9-15 12:00:00', 'animal agressivo', 'apresenta espuma na boca', 'sinais de raiva', 'medicação', 'A1', 'U14', 32.5),
('Bart', 'A1', '2017-11-1 10:00:00', 'preocupação do cliente pelo estado de saúde do animal', 'O animal é obeso', 'excesso de peso', 'alimentação equilibrada', 'A1', 'IH11', 28),
('Rex', 'B2', '2017-10-31 10:00:00', 'preocupação do cliente pelo estado de saúde do animal', 'O animal é obeso', 'excesso de peso e aparente infecção', 'exercicio físico e medicação', 'B2', 'H10', 38),
('Rex', 'B2', '2018-11-2 12:00:00', 'o animal encontra-se em boa forma', 'normal', 'consulta de rotina', 'nova consulta de rotina em 3 meses', 'B2', 'H10', 30.5),
('Flor', 'C3', '2018-5-8 9:45:00', 'animal vomita há 2 dias seguidos', 'animal parece estar desconfortável e estômago inchado', 'parasita gastrico', 'medicação e ração seca', 'C3', 'K13', 3),
('Cookie', 'DC4', '2017-11-3 12:00:00', 'o animal não se consegue levantar', 'o animal tem dores na zona da barriga', 'infecção', 'animal não deve apanhar frio, deve tomar medicação e fazer nova consulta em 2 meses', 'DC4', 'H10', 3),
('Roy', 'D5', '2018-6-8 12:00:00', 'tem um enorme inchaço na zona do estômago', 'animal tem o estômago extremamente inchado', 'o animal engoliu ramo', 'operação para retirar objecto do estômago e medicação', 'D5', 'JA12', 4),
('Spider', 'D5', '2017-2-2 17:30:00', 'o animal está pouco activo', 'patas desequilibradas' , 'sinais claros de luta com outro animal', 'medicação', 'D5', 'H10', 1),
('Robson', 'E7', '2018-2-2 14:15:00', 'animal faz barulhos estranhos', 'problemas de garganta', 'tosse', 'medicação', 'E7', 'IH11', 1),
('Chico', 'E7', '2018-2-2 14:30:00', 'animal ativo e feliz', 'normal', 'consulta de rotina', 'nova consulta de rotina em 1 ano', 'E7', 'IH11', 1.5),
('Mimi', 'F8', '2017-12-15 9:00:00', 'preocupação pela falta de apetite do animal', 'animal em estado depressivo', 'animal aparenta estar em solidão', 'terapia animal', 'F8', 'JA12', 1),
('Bolinha', 'G9', '2018-9-8 12:00:00', 'animal vomita', 'febre alta', 'problemas nos rins', 'operação e medicação', 'G9', 'U14', 4),
('Nemo', 'RT21', '2018-12-2 9:00:00', 'animal vai contra as paredes do aquário', 'olhos do animal reagem pouco à luz', 'perda de visão', 'precaução e tornar o aquário um ambiente adequado a um peixe cego', 'RT21', 'U14', 1),
('Kamil', 'RT21', '2018-6-5 15:00:00', 'animal ativo e feliz', 'normal', 'consulta de rotina', 'nova consulta de rotina em 6 meses', 'RT21', 'H10', 1),
('Chica', 'L15', '2017-8-8 12:15:00', 'animal fala muito alto', 'sensibilidade nos ouvidos', 'infecção nos ouvidos', 'medicação', 'L15', 'JA12', 2),
('Bolinha', 'O18', '2018-3-5 12:15:00', 'clara preocupação do cliente pelo estado de saúde do animal de estimação', 'claros sinais de obesidade', 'excesso de peso', 'exercicio físico', 'O18', 'U14', 35),
('Pantufa', 'Q20', '2018-5-8 12:00:00', 'o animal está sem energia há 5 dias', 'animal parece depremido', 'depressão', 'consultar psicólogo dos animais e reunir 2 vezes por semana', 'DD6', 'L15', 31),
('Boob', 'Q20', '2017-10-10 10:10:00', 'animal ativo e feliz', 'normal', 'consulta de rotina', 'nova consulta de rotina em 1 ano', 'Q20', 'K13', 1);
							
insert into participation values	
('Mimi', 'A0', '2017-2-20 12:00:00', 'M16'),
('Pintas', 'A1', '2017-9-15 12:00:00', 'Q20'),
('Bart', 'A1', '2017-11-1 10:00:00', 'O18'),
('Rex', 'B2', '2017-10-31 10:00:00', 'M16'),
('Rex', 'B2', '2017-10-31 10:00:00', 'N17'),
('Rex', 'B2', '2018-11-2 12:00:00', 'P19'),
('Flor', 'C3', '2018-5-8 9:45:00', 'Q20'),
('Cookie', 'DC4', '2017-11-3 12:00:00', 'N17'),
('Bolinha', 'G9', '2018-9-8 12:00:00', 'M16'),
('Pantufa', 'Q20', '2018-5-8 12:00:00', 'N17');	

insert into diagnosis_code values 	
('AAA', 'Leishmaniose'), 
('BB', 'Inflamação'),
('B00', 'Raiva'),
('NJI', 'Tosse'),
('DC90', 'Otite'), 		
('DKOA', 'Alergia Alimentar'),
('MZJA', 'Depressão'),
('ZNA', 'Larvas'),
('56K', 'Infecção'),
('QQ', 'Insuficiência Renal'),
('E89', 'Obesidade'),
('I2H1', 'Estágio final da doença renal'),
('TYU', 'Cegueira');

insert into consult_diagnosis values	
('DKOA', 'Mimi', 'A0', '2017-2-20 12:00:00'),
('B00', 'Pintas', 'A1', '2017-9-15 12:00:00'),
('B00', 'Bart', 'A1', '2017-11-1 10:00:00'),
('E89', 'Bart', 'A1', '2017-11-1 10:00:00'),
('E89', 'Rex', 'B2', '2017-10-31 10:00:00'),
('AAA', 'Rex', 'B2', '2017-10-31 10:00:00'),
('MZJA', 'Rex', 'B2', '2017-10-31 10:00:00'),
('ZNA', 'Flor', 'C3', '2018-5-8 9:45:00'),
('56K', 'Cookie', 'DC4', '2017-11-3 12:00:00'),
('BB', 'Cookie', 'DC4', '2017-11-3 12:00:00'),
('BB', 'Roy', 'D5', '2018-6-8 12:00:00'),
('NJI', 'Robson', 'E7', '2018-2-2 14:15:00'),
('MZJA', 'Mimi', 'F8', '2017-12-15 9:00:00'),
('QQ', 'Bolinha', 'G9', '2018-9-8 12:00:00'),
('56K', 'Bolinha', 'G9', '2018-9-8 12:00:00'),
('TYU', 'Nemo', 'RT21', '2018-12-2 9:00:00'),
('DC90', 'Chica', 'L15', '2017-8-8 12:15:00'),
('E89', 'Bolinha', 'O18', '2018-3-5 12:15:00'),
('MZJA', 'Pantufa', 'Q20', '2018-5-8 12:00:00');

insert into medication values 	
('Metronidazole', 'Lab1', '250 mg'), 	
('Metronidazole', 'Lab2', '250 mg'), 	
('Doxycycline', 'Lab1', '100 mg'), 		
('Ivermectin', 'Lab3', '50 mL'), 		
('Ketoconazole', 'Lab2', '200 mg'), 	
('Prednisone', 'Lab4', '10 mg'), 		
('Diphenhydramine', 'Lab3', '25 mg'), 	
('Doxepin', 'Lab3', '25 mg'), 			
('Prednisone', 'Lab3', '5 mg'), 		
('Sucralfate', 'Lab3', '1 mg'),			
('Tramadol', 'Lab4', '100 mg');

insert into prescription values	
('DKOA', 'Mimi', 'A0', '2017-2-20 12:00:00', 'Diphenhydramine', 'Lab3', '25 mg', '8 em 8 horas'),
('B00', 'Pintas', 'A1', '2017-9-15 12:00:00', 'Sucralfate', 'Lab3', '1 mg', '4 em 4 horas'),
('AAA', 'Rex', 'B2', '2017-10-31 10:00:00', 'Ivermectin', 'Lab3', '50 mL', '2 vezes por dia'),
('AAA', 'Rex', 'B2', '2017-10-31 10:00:00', 'Metronidazole', 'Lab2', '250 mg', '6 em 6 horas'),
('ZNA', 'Flor', 'C3', '2018-5-8 9:45:00', 'Ivermectin', 'Lab3', '50 mL', '2 vezes por dia'),
('ZNA', 'Flor', 'C3', '2018-5-8 9:45:00', 'Sucralfate', 'Lab3', '1 mg', '4 em 4 horas'),
('ZNA', 'Flor', 'C3', '2018-5-8 9:45:00', 'Metronidazole', 'Lab1', '250 mg', '5 em 5 horas'),
('56K', 'Cookie', 'DC4', '2017-11-3 12:00:00', 'Doxycycline', 'Lab1', '100 mg', '3 vezes ao dia'),
('BB', 'Cookie', 'DC4', '2017-11-3 12:00:00', 'Ketoconazole', 'Lab2', '200 mg', '3 vezes ao dia'),
('BB', 'Cookie', 'DC4', '2017-11-3 12:00:00', 'Prednisone', 'Lab3', '5 mg', '3 vezes ao dia'),
('BB', 'Roy', 'D5', '2018-6-8 12:00:00', 'Tramadol', 'Lab4', '100 mg', 'a cada 8 horas'),
('BB', 'Roy', 'D5', '2018-6-8 12:00:00', 'Prednisone', 'Lab3', '5 mg', 'a cada 8 horas'),
('NJI', 'Robson', 'E7', '2018-2-2 14:15:00', 'Doxycycline', 'Lab1', '100 mg', '1 vez por dia'),
('MZJA', 'Mimi', 'F8', '2017-12-15 9:00:00', 'Doxepin', 'Lab3', '25 mg', '1 vez ao dia'),
('QQ', 'Bolinha', 'G9', '2018-9-8 12:00:00', 'Tramadol', 'Lab4', '100 mg', '2 vezes ao dia'),
('56K', 'Bolinha', 'G9', '2018-9-8 12:00:00', 'Metronidazole', 'Lab2', '250 mg', 'a cada 8 horas'),
('DC90', 'Chica', 'L15', '2017-8-8 12:15:00', 'Metronidazole', 'Lab1', '250 mg', '4 vezes ao dia'),
('MZJA', 'Pantufa', 'Q20', '2018-5-8 12:00:00', 'Doxepin', 'Lab3', '25 mg', '1 vez ao dia');

insert into indicator values 	
('Glicose', 80, 'miligramas', 'Valores de referência entre 70 e 85'),
('Colesterol', 190, 'miligramas', 'Valores de referência entre 180 e 200'),
('LDL', 50, 'miligramas', 'Valores de referência abaixo de 100'),
('HDL', 60, 'miligramas', 'Valores de referência acima de 55'),
('Triglicéridos', 105, 'miligramas', 'Valores de referência abaixo de 100'),
('Granulócitos neutrófilos', 60, 'percentagem', 'Valores de referência entre 45 e 74'),
('Nível de creatinina', 0.9, 'miligramas', 'Valores de referência entre 0.6 e 1.2'),
('Plaquetas', 245, 'microlitro', 'Valores de referência entre 150 e 400'),
('Hemoglobina', 14, 'grama/decilitro', 'Valores de referência entre 12 e 15'),
('VS', 2, 'milímetro/hora', 'Valores de referência abaixo de 20'),
('Glóbulos brancos', 50, 'percentagem', 'Valores de referência entre 40 e 60'),
('Número de neutrófilos', 50, 'percentagem', 'Valores de referência entre 40 e 60'),
('Número de linfócitos', 50, 'percentagem', 'Valores de referência entre 40 e 60'),
('Número de monócitos', 50, 'percentagem', 'Valores de referência entre 40 e 60')
;

insert into procedures values 	
('Pintas', 'A1', '2017-9-15 12:00:00', 0, 'Análise de Urina'),
('Rex', 'B2', '2017-10-31 10:00:00', 0, 'Radiografia'),
('Rex', 'B2', '2017-10-31 10:00:00', 1, 'Análise de Sangue'),
('Flor', 'C3', '2018-5-8 9:45:00', 0, 'Radiografia'),
('Cookie', 'DC4', '2017-11-3 12:00:00', 0, 'Análise de Urina'),
('Cookie', 'DC4', '2017-11-3 12:00:00', 1, 'Análise de Sangue'),
('Roy', 'D5', '2018-6-8 12:00:00', 0, 'Análise de Urina'),
('Roy', 'D5', '2018-6-8 12:00:00', 1, 'Análise de Sangue'),
('Bolinha', 'G9', '2018-9-8 12:00:00', 0, 'Análise de Urina'),
('Bolinha', 'G9', '2018-9-8 12:00:00', 1, 'Análise de Sangue'),
('Bolinha', 'G9', '2018-9-8 12:00:00', 2, 'Procedimento cirurgico');	
								
insert into performed values	
('Pintas', 'A1', '2017-9-15 12:00:00', 0, 'M16'),
('Rex', 'B2', '2017-10-31 10:00:00', 0, 'Q20'),
('Rex', 'B2', '2017-10-31 10:00:00', 1, 'O18'),
('Flor', 'C3', '2018-5-8 9:45:00', 0, 'Q20'),
('Cookie', 'DC4', '2017-11-3 12:00:00', 0, 'M16'),
('Cookie', 'DC4', '2017-11-3 12:00:00', 1, 'O18'),
('Roy', 'D5', '2018-6-8 12:00:00', 0, 'M16'),
('Roy', 'D5', '2018-6-8 12:00:00', 1, 'P19'),
('Bolinha', 'G9', '2018-9-8 12:00:00', 0, 'P19'),
('Bolinha', 'G9', '2018-9-8 12:00:00', 1, 'N17'),
('Bolinha', 'G9', '2018-9-8 12:00:00', 2, 'O18');	

insert into radiography values	
('Rex', 'B2', '2017-10-31 10:00:00', 0, '/home/pi/radiographyRex.pdf'),
('Flor', 'C3', '2018-5-8 9:45:00', 0, '/home/pi/radiographyFlor.pdf');

insert into test_procedure values 	
('Pintas', 'A1', '2017-9-15 12:00:00', 0, 'Análise de Urina'),
('Rex', 'B2', '2017-10-31 10:00:00', 1, 'Análise de Sangue'),
('Cookie', 'DC4', '2017-11-3 12:00:00', 0, 'Análise de Urina'),
('Cookie', 'DC4', '2017-11-3 12:00:00', 1, 'Análise de Sangue'),
('Roy', 'D5', '2018-6-8 12:00:00', 0, 'Análise de Urina'),
('Roy', 'D5', '2018-6-8 12:00:00', 1, 'Análise de Sangue'),
('Bolinha', 'G9', '2018-9-8 12:00:00', 0, 'Análise de Urina'),
('Bolinha', 'G9', '2018-9-8 12:00:00', 1, 'Análise de Sangue');
							
insert into produced_indicator values	
('Pintas', 'A1', '2017-9-15 12:00:00', 0, 'LDL', 70),
('Pintas', 'A1', '2017-9-15 12:00:00', 0, 'Hemoglobina', 12),
('Rex', 'B2', '2017-10-31 10:00:00', 1, 'Glicose', 90),
('Rex', 'B2', '2017-10-31 10:00:00', 1, 'Colesterol', 220),
('Rex', 'B2', '2017-10-31 10:00:00', 1, 'Triglicéridos', 70),
('Cookie', 'DC4', '2017-11-3 12:00:00', 0, 'LDL', 99),
('Cookie', 'DC4', '2017-11-3 12:00:00', 0, 'HDL', 60),
('Cookie', 'DC4', '2017-11-3 12:00:00', 1, 'Granulócitos neutrófilos', 50),
('Cookie', 'DC4', '2017-11-3 12:00:00', 1, 'Plaquetas', 200),
('Roy', 'D5', '2018-6-8 12:00:00', 0, 'LDL', 55),
('Roy', 'D5', '2018-6-8 12:00:00', 0, 'Glicose', 71),
('Roy', 'D5', '2018-6-8 12:00:00', 1, 'Triglicéridos', 60),
('Roy', 'D5', '2018-6-8 12:00:00', 1, 'VS', 10),
('Roy', 'D5', '2018-6-8 12:00:00', 1, 'Colesterol', 190),
('Bolinha', 'G9', '2018-9-8 12:00:00', 0, 'HDL', 50),
('Bolinha', 'G9', '2018-9-8 12:00:00', 1, 'Glicose', 100),
('Bolinha', 'G9', '2018-9-8 12:00:00', 1, 'Nível de creatinina', 1.2),
('Bolinha', 'G9', '2018-9-8 12:00:00', 1, 'Triglicéridos', 110);